id;start_date;end_date;note
1;2020-05-31T09:41:06;2020-05-31T13:58:45;withdrawal Manager Savings Account
2;2020-05-30T15:24:39;2020-05-30T15:39:44;circuit Gorgeous Granite Pizza
3;2020-05-30T23:29:56;2020-05-30T16:42:42;transition Investment Account lime
4;2020-05-31T07:20:38;2020-05-31T05:39:32;Home Loan Account Organized
5;2020-05-30T17:04:46;2020-05-31T13:48:18;Ergonomic Nepalese Rupee
6;2020-05-30T23:39:14;2020-05-31T02:37:15;SDD deliver
7;2020-05-31T03:47:14;2020-05-30T18:30:40;Integration payment
8;2020-05-31T05:55:29;2020-05-31T10:07:44;Hat
9;2020-05-31T04:58:39;2020-05-31T09:58:48;Rustic Corporate vertical
10;2020-05-31T05:42:23;2020-05-31T10:21:23;Specialist withdrawal
